Name,CreationTime,LastModifiedTime,Status
Name,CreationTime,LastModifiedTime,Status
Name,CreationTime,LastModifiedTime,Status
Name,CreationTime,LastModifiedTime,Status
Name,CreationTime,LastModifiedTime,Status
Name,CreationTime,LastModifiedTime,Status
Name,CreationTime,LastModifiedTime,Status
Name,CreationTime,LastModifiedTime,Status
new,Wed May 14 17:36:39 2025,Wed May 14 17:36:39 2025,Active
Name,CreationTime,LastModifiedTime,Status
new1,Wed May 14 17:38:53 2025,Wed May 14 17:59:41 2025,Marked for deletion
Name,CreationTime,LastModifiedTime,Status
